Current Weight,Name,G0,G1,G2,G3,G4,G5,G6,G7,G8,PeerGroup,OptimiserCategory,Type
6.182664781825094,iShares S&P 500 ETF,Growth,International Shares,Global Shares,Global Shares,ETF Index,US,AUD,US,,World Other Equity,International Equities - Unhedged,ETF
2.433959313082414,iShares S&P 500 AUD Hedged ETF,Growth,International Shares,Global Shares,Global Shares,ETF Index,US,USD,US,,World Other Equity,International Equities - Unhedged,ETF
1.4057601906118748,iShares Europe ETF,Growth,International Shares,Global Shares,Global Shares,ETF Index,Europe,AUD,Europe,,Europe Equity,International Equities - Unhedged,ETF
0.6340458936642629,iShares MSCI Japan ETF,Growth,International Shares,Global Shares,Global Shares,ETF Index,Japan,AUD,Japan,,World Other Equity,International Equities - Unhedged,ETF
7.410308051548176,iShares MSCI Emerging Markets ETF,Growth,International Shares,Global Shares,Global Shares,ETF Index,Emerging Markets,AUD,Emerging Markets,,Emerging Markets Equity,International Equities - Emerging,ETF
0.35184641132698,iShares MSCI EAFE ETF,Growth,International Shares,Global Shares,Global Shares,ETF Index,Developed EX us,AUD,Developed ex. US,,World ex US Large Blend Equity,International Equities - Unhedged,ETF
2.692334064900305,iShares Core Composite Bond ETF,Defensive,Long Duration,Australian Fixed Interest,Australian Fixed Interest,ETF Index,,,Core Australian Bonds,,Australian Bonds,Australian Fixed Interest,ETF
1.4962606001583814,iShares Government Inflation ETF,Defensive,Long Duration,Global Fixed Interest,Global Fixed Interest,ETF Index,,,Inflation Linked Bonds,,Inflation linked Bonds,Inflation Linked Government Bonds,ETF
0.5230557585322844,iShares Global Aggregate Bond ESG (AUD Hedged) ETF,Defensive,Long Duration,Global Fixed Interest,Global Fixed Interest,ETF Index,,,Global Aggregate Bonds,,Global Bonds ,International Fixed Interest,ETF
0.44904741694350286,iShares Treasury ETF,Defensive,Long Duration,Australian Fixed Interest,Australian Fixed Interest,ETF Index,,,Global Government Bonds,,Australian Bonds,Australian Fixed Interest,ETF
0.5977216345667026,iShares Core Global Corporate Bond (hedged) ETF,Defensive,Long Duration,Global Fixed Interest,Global Fixed Interest,ETF Index,,,Global IG Credit,,Diversified Credit,Floating High Yield Credit,ETF
0.5933423872401641,iShares Global High Yield Bond (hedged) ETF,Defensive,Long Duration,Global Fixed Interest,Global Fixed Interest,ETF Index,,,Global HY Credit,,Yield Credit Equity,Floating High Yield Credit,ETF
0.8208937420944721,iShares USD EM Bond (hedged) ETF,Defensive,Long Duration,Global Fixed Interest,Global Fixed Interest,ETF Index,,,Emerging Market Debt,,Global Bonds ,International Fixed Interest,ETF
1.973442531957744,Bank Account,Defensive,Cash,Cash,Cash,ASXStock,Cash,Cash,Bank Account,Cash,Domestic Cash,Cash,Cash
3.725208795328204,Auscap Long Short Australian Equities,Growth,Australian Shares,Australian Shares,Australian Shares,Active Manager,,,Long Short,,Australia Long Short Equity,Australian Equities,MF
4.169202464721685,GQG Partners Global Equity Fund - A Class,Growth,International Shares,Global Shares,Global Shares,Active Manager,,,Quality Bias - Fundamental,,World Large Growth Equity,International Equities - Unhedged,MF
5.99043563750575,Fairlight Global Small & Mid Cap Fund (SMID) Class A,Growth,International Shares,Global Shares,Global Shares,Active Manager,,,Global SMID,,World Mid Small Equity,International Equities - Small Cap,MF
3.7889142659503925,Western Asset Australian Bond Fund - Class A,Defensive,Long Duration,Australian Fixed Interest,Australian Fixed Interest,Active Manager,,,Australian Bonds,,Australian Bonds,Australian Fixed Interest,MF
0.6045434030331113,Daintree Core Income Trust,Defensive,Floating Rate,Australian Fixed Interest,Australian Fixed Interest,Active Manager,,,Floating Rate Credit,,Global Bonds ,International Fixed Interest,MF
0.6113957361584826,Bentham Global Income Fund,Defensive,Floating Rate,Global Fixed Interest,Global Fixed Interest,Active Manager,,,Global Diversified Credit,,Global Bonds ,International Fixed Interest,MF
1.2073837767232733,Ardea Real Outcome Fund,Defensive,Floating Rate,Global Fixed Interest,Global Fixed Interest,Active Manager,,,Floating Government Bonds,,Global Bonds ,International Fixed Interest,MF
2.734152140630027,Yarra Ex-20 Australian Equities Fund,Growth,Australian Shares,Australian Shares,Australian Shares,Active Manager,,,Australian SMID,,Australia Mid Small Blend Equity,Australian Equities - Small Cap,MF
3.8111277558064387,Bennelong Wholesale Plus ex-20 Australian Equities Fund,Growth,Australian Shares,Australian Shares,Australian Shares,Active Manager,,,Australia Mid Small Growth Equity,,Australia Mid Small Growth Equity,Australian Equities - Small Cap,MF
3.873684825501061,Perpetual Wholesale Australian ,Growth,Australian Shares,Australian Shares,Australian Shares,Active Manager,,,Australia Large Value Equity,,Australia Large Value Equity,Australian Equities,MF
3.86031161176104,iShares S&P/ASX 20 ETF,Growth,Australian Shares,Australian Shares,Australian Shares,ETF Index,,,Australia Large Blend Equity,,Australia Large Blend Equity,Australian Equities,ETF
6.481724167302021,Magellan Wholesale Plus Global Fund,Growth,International Shares,Global Shares,Global Shares,Active Manager,,,World Large Blend Equity,,World Large Blend Equity,International Equities - Unhedged,MF
7.043830687050458,JCB Active Bond Fund,Defensive,Long Duration,Australian Fixed Interest,,Active Manager,,,Australian Bonds,,Australian Bonds,Australian Fixed Interest,MF
5.006342606628065,ClearBridge RARE Infrastructure Value Fund (Hedged),Growth,Real Assets,Global Listed Infrastructure,,Active Manager,,,Global Infrastructure - Currency Hedged,,Global Infrastructure - Currency Hedged,Global Listed Infrastructure - hedged,MF
3.02470348687694,iShares Physical Gold ETF,Growth,Alternatives,Alternatives,Alternatives (Growth),ETF Index,Gold,USD,Alternatives (Growth),,Alternatives - Growth Liquid,Alternatives - Growth Liquid,ETF
4.673667428027552,GQG Partners Global Equity,Growth,International Shares,Global Shares,,Active Manager,,,Quality Bias - Fundamental,,World Large Blend Equity,International Equities - Unhedged,MF
1.52751635988963,iShares Core FTSE Global Infrastructure (AUD Hedged) ETF,Growth,Real Assets,Global Listed Infrastructure,,Passive,,,Global Infrastructure,,Global Infrastructure,Global Unlisted Infrastructure,ETF
0.603631694045621,iShares Core FTSE Global Property Ex Australia (AUD Hedged) ETF,Growth,Real Assets,Global Listed Property,,Passive,,,Global Real Estate,,Global Real Estate,GREITs,ETF
0.02804495655669668,iShares Core Cash ETF,Defensive,Cash,Cash,Cash,ETF Index,Cash,Cash,Bank Bills,,Domestic Cash,Cash,ETF
0.029838327209627032,Bank Account,Defensive,Cash,Cash,Cash,ASXStock,Cash,Cash,Bank Account,Cash,Domestic Cash,Cash,Cash
0.011260877771194253,Life360 Inc.,Growth,Australian Shares,Australian Shares,Australian Shares,Information Technology - 45,ASX,AUD,Australia,,Australia Large Blend Equity,Australian Equities,ASXStock
0.004481070077465974,The A2 Milk Company Limited,Growth,Australian Shares,Australian Shares,Australian Shares,Consumer Staples - 30,ASX,AUD,Australia,,Australia Large Blend Equity,Australian Equities,ASXStock
0.0010322161258894535,Abacus Group,Growth,Australian Shares,Australian Shares,Australian Shares,Real Estate - 60,ASX,AUD,Australia,,Australia Large Blend Equity,Australian Equities,ASXStock
0.01010170840261426,AGL Energy Limited.,Growth,Australian Shares,Australian Shares,Australian Shares,Utilities - 55,ASX,AUD,Australia,,Australia Large Blend Equity,Australian Equities,ASXStock
0.0032165491263181005,Auckland International Airport Limited,Growth,Australian Shares,Australian Shares,Australian Shares,Industrials - 20,ASX,AUD,Australia,,Australia Large Blend Equity,Australian Equities,ASXStock
0.025153214389206674,Ampol Limited,Growth,Australian Shares,Australian Shares,Australian Shares,Energy - 10,ASX,AUD,Australia,,Australia Large Blend Equity,Australian Equities,ASXStock
0.15454401160602033,Aristocrat Leisure Limited,Growth,Australian Shares,Australian Shares,Australian Shares,Consumer Discretionary - 25,ASX,AUD,Australia,,Australia Large Blend Equity,Australian Equities,ASXStock
0.026817541075616933,ALS Limited,Growth,Australian Shares,Australian Shares,Australian Shares,Industrials - 20,ASX,AUD,Australia,,Australia Large Blend Equity,Australian Equities,ASXStock
0.043833878364442504,Altium Limited,Growth,Australian Shares,Australian Shares,Australian Shares,Information Technology - 45,ASX,AUD,Australia,,Australia Large Blend Equity,Australian Equities,ASXStock
0.016862576280852616,Atlas Arteria,Growth,Australian Shares,Australian Shares,Australian Shares,Industrials - 20,ASX,AUD,Australia,,Australia Large Blend Equity,Australian Equities,ASXStock
0.026883435763650966,Amcor PLC,Growth,Australian Shares,Australian Shares,Australian Shares,Materials - 15,ASX,AUD,Australia,,Australia Large Blend Equity,Australian Equities,ASXStock
0.003903760782338993,AMP Limited,Growth,Australian Shares,Australian Shares,Australian Shares,Financials - 40,ASX,AUD,Australia,,Australia Large Blend Equity,Australian Equities,ASXStock
0.010050017120234117,Ansell Limited,Growth,Australian Shares,Australian Shares,Australian Shares,Health Care - 35,ASX,AUD,Australia,,Australia Large Blend Equity,Australian Equities,ASXStock
0.22792851159557254,ANZ Group Holdings Limited,Growth,Australian Shares,Australian Shares,Australian Shares,Financials - 40,ASX,AUD,Australia,,Australia Large Blend Equity,Australian Equities,ASXStock
0.022517717838204197,APA Group,Growth,Australian Shares,Australian Shares,Australian Shares,Utilities - 55,ASX,AUD,Australia,,Australia Large Blend Equity,Australian Equities,ASXStock
0.010891470230286616,Eagers Automotive Limited,Growth,Australian Shares,Australian Shares,Australian Shares,Consumer Discretionary - 25,ASX,AUD,Australia,,Australia Large Blend Equity,Australian Equities,ASXStock
0.015839938901952358,ARB Corporation Limited,Growth,Australian Shares,Australian Shares,Australian Shares,Consumer Discretionary - 25,ASX,AUD,Australia,,Australia Large Blend Equity,Australian Equities,ASXStock
0.005869877477475884,Arena REIT.,Growth,Australian Shares,Australian Shares,Australian Shares,Real Estate - 60,ASX,AUD,Australia,,Australia Large Blend Equity,Australian Equities,ASXStock
0.0007958765175260071,Abacus Storage King,Growth,Australian Shares,Australian Shares,Australian Shares,Real Estate - 60,ASX,AUD,Australia,,Australia Large Blend Equity,Australian Equities,ASXStock
0.027671877929054345,ASX Limited,Growth,Australian Shares,Australian Shares,Australian Shares,Financials - 40,ASX,AUD,Australia,,Australia Large Blend Equity,Australian Equities,ASXStock
0.01486090641812342,AUB Group Limited,Growth,Australian Shares,Australian Shares,Australian Shares,Financials - 40,ASX,AUD,Australia,,Australia Large Blend Equity,Australian Equities,ASXStock
0.0042527430755545294,Alumina Limited,Growth,Australian Shares,Australian Shares,Australian Shares,Materials - 15,ASX,AUD,Australia,,Australia Large Blend Equity,Australian Equities,ASXStock
0.014462057144776216,Aurizon Holdings Limited,Growth,Australian Shares,Australian Shares,Australian Shares,Industrials - 20,ASX,AUD,Australia,,Australia Large Blend Equity,Australian Equities,ASXStock
0.004877821738156244,Bapcor Limited,Growth,Australian Shares,Australian Shares,Australian Shares,Consumer Discretionary - 25,ASX,AUD,Australia,,Australia Large Blend Equity,Australian Equities,ASXStock
0.015443942036665676,Bendigo and Adelaide Bank Limited,Growth,Australian Shares,Australian Shares,Australian Shares,Financials - 40,ASX,AUD,Australia,,Australia Large Blend Equity,Australian Equities,ASXStock
0.0019545721564252347,Bega Cheese Limited,Growth,Australian Shares,Australian Shares,Australian Shares,Consumer Staples - 30,ASX,AUD,Australia,,Australia Large Blend Equity,Australian Equities,ASXStock
0.011168932508024455,Bellevue Gold Limited,Growth,Australian Shares,Australian Shares,Australian Shares,Materials - 15,ASX,AUD,Australia,,Australia Large Blend Equity,Australian Equities,ASXStock
0.8963291482227236,BHP Group Limited,Growth,Australian Shares,Australian Shares,Australian Shares,Materials - 15,ASX,AUD,Australia,,Australia Large Blend Equity,Australian Equities,ASXStock
0.008514122860251534,Brickworks Limited,Growth,Australian Shares,Australian Shares,Australian Shares,Materials - 15,ASX,AUD,Australia,,Australia Large Blend Equity,Australian Equities,ASXStock
0.007331552840027377,Boral Limited,Growth,Australian Shares,Australian Shares,Australian Shares,Materials - 15,ASX,AUD,Australia,,Australia Large Blend Equity,Australian Equities,ASXStock
0.006476742123880696,Bank of Queensland Limited,Growth,Australian Shares,Australian Shares,Australian Shares,Financials - 40,ASX,AUD,Australia,,Australia Large Blend Equity,Australian Equities,ASXStock
0.0059366018440442005,Beach Energy Limited,Growth,Australian Shares,Australian Shares,Australian Shares,Energy - 10,ASX,AUD,Australia,,Australia Large Blend Equity,Australian Equities,ASXStock
0.016939155614029675,Breville Group Limited,Growth,Australian Shares,Australian Shares,Australian Shares,Consumer Discretionary - 25,ASX,AUD,Australia,,Australia Large Blend Equity,Australian Equities,ASXStock
0.0019567255390338023,Brainchip Holdings Ltd,Growth,Australian Shares,Australian Shares,Australian Shares,Information Technology - 45,ASX,AUD,Australia,,Australia Large Blend Equity,Australian Equities,ASXStock
0.04321951700077736,BlueScope Steel Limited,Growth,Australian Shares,Australian Shares,Australian Shares,Materials - 15,ASX,AUD,Australia,,Australia Large Blend Equity,Australian Equities,ASXStock
0.004297180357977839,BWP Trust,Growth,Australian Shares,Australian Shares,Australian Shares,Real Estate - 60,ASX,AUD,Australia,,Australia Large Blend Equity,Australian Equities,ASXStock
0.08399247309749769,Brambles Limited,Growth,Australian Shares,Australian Shares,Australian Shares,Industrials - 20,ASX,AUD,Australia,,Australia Large Blend Equity,Australian Equities,ASXStock
0.09477397744796169,CAR Group Limited,Growth,Australian Shares,Australian Shares,Australian Shares,Communication Services - 50,ASX,AUD,Australia,,Australia Large Blend Equity,Australian Equities,ASXStock
0.7048278613672477,Commonwealth Bank of Australia,Growth,Australian Shares,Australian Shares,Australian Shares,Financials - 40,ASX,AUD,Australia,,Australia Large Blend Equity,Australian Equities,ASXStock
0.0026608604057586794,Credit Corp Group Limited,Growth,Australian Shares,Australian Shares,Australian Shares,Financials - 40,ASX,AUD,Australia,,Australia Large Blend Equity,Australian Equities,ASXStock
0.0050167470632919734,Challenger Limited,Growth,Australian Shares,Australian Shares,Australian Shares,Financials - 40,ASX,AUD,Australia,,Australia Large Blend Equity,Australian Equities,ASXStock
0.025603549952385788,Charter Hall Group,Growth,Australian Shares,Australian Shares,Australian Shares,Real Estate - 60,ASX,AUD,Australia,,Australia Large Blend Equity,Australian Equities,ASXStock
0.03183958303904988,Chalice Mining Limited,Growth,Australian Shares,Australian Shares,Australian Shares,Materials - 15,ASX,AUD,Australia,,Australia Large Blend Equity,Australian Equities,ASXStock
0.03618679099283348,Champion Iron Limited,Growth,Australian Shares,Australian Shares,Australian Shares,Materials - 15,ASX,AUD,Australia,,Australia Large Blend Equity,Australian Equities,ASXStock
0.005088836454260264,Centuria Industrial REIT,Growth,Australian Shares,Australian Shares,Australian Shares,Real Estate - 60,ASX,AUD,Australia,,Australia Large Blend Equity,Australian Equities,ASXStock
0.0032053830256050606,Collins Foods Limited,Growth,Australian Shares,Australian Shares,Australian Shares,Consumer Discretionary - 25,ASX,AUD,Australia,,Australia Large Blend Equity,Australian Equities,ASXStock
0.006007238389990691,Charter Hall Long Wale REIT,Growth,Australian Shares,Australian Shares,Australian Shares,Real Estate - 60,ASX,AUD,Australia,,Australia Large Blend Equity,Australian Equities,ASXStock
0.04513845429889289,Capricorn Metals Ltd,Growth,Australian Shares,Australian Shares,Australian Shares,Materials - 15,ASX,AUD,Australia,,Australia Large Blend Equity,Australian Equities,ASXStock
0.0008903908390733294,Cromwell Property Group,Growth,Australian Shares,Australian Shares,Australian Shares,Real Estate - 60,ASX,AUD,Australia,,Australia Large Blend Equity,Australian Equities,ASXStock
0.004362900104227005,Centuria Capital Group,Growth,Australian Shares,Australian Shares,Australian Shares,Real Estate - 60,ASX,AUD,Australia,,Australia Large Blend Equity,Australian Equities,ASXStock
0.012416958313698283,Chorus Limited,Growth,Australian Shares,Australian Shares,Australian Shares,Communication Services - 50,ASX,AUD,Australia,,Australia Large Blend Equity,Australian Equities,ASXStock
0.06402923457625273,Cochlear Limited,Growth,Australian Shares,Australian Shares,Australian Shares,Health Care - 35,ASX,AUD,Australia,,Australia Large Blend Equity,Australian Equities,ASXStock
0.07752679986740592,Coles Group Limited,Growth,Australian Shares,Australian Shares,Australian Shares,Consumer Staples - 30,ASX,AUD,Australia,,Australia Large Blend Equity,Australian Equities,ASXStock
0.04908916357565455,Computershare Limited,Growth,Australian Shares,Australian Shares,Australian Shares,Industrials - 20,ASX,AUD,Australia,,Australia Large Blend Equity,Australian Equities,ASXStock
0.0021293230914356236,Charter Hall Social Infrastructure REIT,Growth,Australian Shares,Australian Shares,Australian Shares,Real Estate - 60,ASX,AUD,Australia,,Australia Large Blend Equity,Australian Equities,ASXStock
0.0035679866664368293,Charter Hall Retail REIT,Growth,Australian Shares,Australian Shares,Australian Shares,Real Estate - 60,ASX,AUD,Australia,,Australia Large Blend Equity,Australian Equities,ASXStock
0.0016996824322292774,Coronado Global Resources Inc.,Growth,Australian Shares,Australian Shares,Australian Shares,Materials - 15,ASX,AUD,Australia,,Australia Large Blend Equity,Australian Equities,ASXStock
0.40278194445439586,CSL Limited,Growth,Australian Shares,Australian Shares,Australian Shares,Health Care - 35,ASX,AUD,Australia,,Australia Large Blend Equity,Australian Equities,ASXStock
0.0232050578686576,CSR Limited,Growth,Australian Shares,Australian Shares,Australian Shares,Materials - 15,ASX,AUD,Australia,,Australia Large Blend Equity,Australian Equities,ASXStock
0.003110366618787389,Corporate Travel Management Limited,Growth,Australian Shares,Australian Shares,Australian Shares,Consumer Discretionary - 25,ASX,AUD,Australia,,Australia Large Blend Equity,Australian Equities,ASXStock
0.022701607509392548,Cleanaway Waste Management Limited,Growth,Australian Shares,Australian Shares,Australian Shares,Industrials - 20,ASX,AUD,Australia,,Australia Large Blend Equity,Australian Equities,ASXStock
0.003969567025361878,Core Lithium Ltd,Growth,Australian Shares,Australian Shares,Australian Shares,Materials - 15,ASX,AUD,Australia,,Australia Large Blend Equity,Australian Equities,ASXStock
0.039953963017979474,De Grey Mining Limited,Growth,Australian Shares,Australian Shares,Australian Shares,Materials - 15,ASX,AUD,Australia,,Australia Large Blend Equity,Australian Equities,ASXStock
0.0026970070182357466,Domain Holdings Australia Limited,Growth,Australian Shares,Australian Shares,Australian Shares,Communication Services - 50,ASX,AUD,Australia,,Australia Large Blend Equity,Australian Equities,ASXStock
0.00680120780460225,Domino's Pizza Enterprises Limited,Growth,Australian Shares,Australian Shares,Australian Shares,Consumer Discretionary - 25,ASX,AUD,Australia,,Australia Large Blend Equity,Australian Equities,ASXStock
0.005541002580372658,Downer EDI Limited,Growth,Australian Shares,Australian Shares,Australian Shares,Industrials - 20,ASX,AUD,Australia,,Australia Large Blend Equity,Australian Equities,ASXStock
0.0037973798200450918,Deterra Royalties Limited,Growth,Australian Shares,Australian Shares,Australian Shares,Materials - 15,ASX,AUD,Australia,,Australia Large Blend Equity,Australian Equities,ASXStock
0.01326630717577396,Dexus,Growth,Australian Shares,Australian Shares,Australian Shares,Real Estate - 60,ASX,AUD,Australia,,Australia Large Blend Equity,Australian Equities,ASXStock
0.012419000872492859,Endeavour Group Limited,Growth,Australian Shares,Australian Shares,Australian Shares,Consumer Staples - 30,ASX,AUD,Australia,,Australia Large Blend Equity,Australian Equities,ASXStock
0.0026332396961441743,Elders Limited,Growth,Australian Shares,Australian Shares,Australian Shares,Consumer Staples - 30,ASX,AUD,Australia,,Australia Large Blend Equity,Australian Equities,ASXStock
0.017098050320413293,Evolution Mining Limited,Growth,Australian Shares,Australian Shares,Australian Shares,Materials - 15,ASX,AUD,Australia,,Australia Large Blend Equity,Australian Equities,ASXStock
0.0020821434713318193,EVT Limited,Growth,Australian Shares,Australian Shares,Australian Shares,Communication Services - 50,ASX,AUD,Australia,,Australia Large Blend Equity,Australian Equities,ASXStock
0.0015010748964690082,Fletcher Building Limited,Growth,Australian Shares,Australian Shares,Australian Shares,Industrials - 20,ASX,AUD,Australia,,Australia Large Blend Equity,Australian Equities,ASXStock
0.0041204624207553005,Flight Centre Travel Group Limited,Growth,Australian Shares,Australian Shares,Australian Shares,Consumer Discretionary - 25,ASX,AUD,Australia,,Australia Large Blend Equity,Australian Equities,ASXStock
0.8494916863719838,Fortescue Ltd,Growth,Australian Shares,Australian Shares,Australian Shares,Materials - 15,ASX,AUD,Australia,,Australia Large Blend Equity,Australian Equities,ASXStock
0.016781174550165145,Fisher & Paykel Healthcare Corporation Limited,Growth,Australian Shares,Australian Shares,Australian Shares,Health Care - 35,ASX,AUD,Australia,,Australia Large Blend Equity,Australian Equities,ASXStock
0.2900424333762605,Goodman Group,Growth,Australian Shares,Australian Shares,Australian Shares,Real Estate - 60,ASX,AUD,Australia,,Australia Large Blend Equity,Australian Equities,ASXStock
0.008327140801271473,GrainCorp Limited,Growth,Australian Shares,Australian Shares,Australian Shares,Consumer Staples - 30,ASX,AUD,Australia,,Australia Large Blend Equity,Australian Equities,ASXStock
0.00967866508164348,Gold Road Resources Limited,Growth,Australian Shares,Australian Shares,Australian Shares,Materials - 15,ASX,AUD,Australia,,Australia Large Blend Equity,Australian Equities,ASXStock
0.0012337746010608222,Growthpoint Properties Australia,Growth,Australian Shares,Australian Shares,Australian Shares,Real Estate - 60,ASX,AUD,Australia,,Australia Large Blend Equity,Australian Equities,ASXStock
0.01941841046859327,GPT Group,Growth,Australian Shares,Australian Shares,Australian Shares,Real Estate - 60,ASX,AUD,Australia,,Australia Large Blend Equity,Australian Equities,ASXStock
0.003606109513650877,G.U.D. Holdings Limited,Growth,Australian Shares,Australian Shares,Australian Shares,Consumer Discretionary - 25,ASX,AUD,Australia,,Australia Large Blend Equity,Australian Equities,ASXStock
0.004430190900542725,Homeco Daily Needs REIT,Growth,Australian Shares,Australian Shares,Australian Shares,Real Estate - 60,ASX,AUD,Australia,,Australia Large Blend Equity,Australian Equities,ASXStock
0.002705833323282241,Healius Limited,Growth,Australian Shares,Australian Shares,Australian Shares,Health Care - 35,ASX,AUD,Australia,,Australia Large Blend Equity,Australian Equities,ASXStock
0.002792045016181827,HMC Capital Limited,Growth,Australian Shares,Australian Shares,Australian Shares,Real Estate - 60,ASX,AUD,Australia,,Australia Large Blend Equity,Australian Equities,ASXStock
0.028541776641287174,HUB24 Limited,Growth,Australian Shares,Australian Shares,Australian Shares,Financials - 40,ASX,AUD,Australia,,Australia Large Blend Equity,Australian Equities,ASXStock
0.01189603418749297,Harvey Norman Holdings Limited,Growth,Australian Shares,Australian Shares,Australian Shares,Consumer Discretionary - 25,ASX,AUD,Australia,,Australia Large Blend Equity,Australian Equities,ASXStock
0.03334746422695189,Insurance Australia Group Limited,Growth,Australian Shares,Australian Shares,Australian Shares,Financials - 40,ASX,AUD,Australia,,Australia Large Blend Equity,Australian Equities,ASXStock
0.0192213373601996,Idp Education Limited,Growth,Australian Shares,Australian Shares,Australian Shares,Consumer Discretionary - 25,ASX,AUD,Australia,,Australia Large Blend Equity,Australian Equities,ASXStock
0.002488124207195254,Insignia Financial Ltd,Growth,Australian Shares,Australian Shares,Australian Shares,Financials - 40,ASX,AUD,Australia,,Australia Large Blend Equity,Australian Equities,ASXStock
0.033146798498238726,IGO Limited,Growth,Australian Shares,Australian Shares,Australian Shares,Materials - 15,ASX,AUD,Australia,,Australia Large Blend Equity,Australian Equities,ASXStock
0.014479503456918341,Iluka Resources Limited,Growth,Australian Shares,Australian Shares,Australian Shares,Materials - 15,ASX,AUD,Australia,,Australia Large Blend Equity,Australian Equities,ASXStock
0.0020687858041754806,Imugene Limited,Growth,Australian Shares,Australian Shares,Australian Shares,Health Care - 35,ASX,AUD,Australia,,Australia Large Blend Equity,Australian Equities,ASXStock
0.005580888451120371,Ingenia Communities Group,Growth,Australian Shares,Australian Shares,Australian Shares,Real Estate - 60,ASX,AUD,Australia,,Australia Large Blend Equity,Australian Equities,ASXStock
0.002464016489806027,Inghams Group Limited,Growth,Australian Shares,Australian Shares,Australian Shares,Consumer Staples - 30,ASX,AUD,Australia,,Australia Large Blend Equity,Australian Equities,ASXStock
0.00418496257948526,IPH Limited,Growth,Australian Shares,Australian Shares,Australian Shares,Industrials - 20,ASX,AUD,Australia,,Australia Large Blend Equity,Australian Equities,ASXStock
0.0125552349279288,Incitec Pivot Limited,Growth,Australian Shares,Australian Shares,Australian Shares,Materials - 15,ASX,AUD,Australia,,Australia Large Blend Equity,Australian Equities,ASXStock
0.002738032405647588,IRESS Limited,Growth,Australian Shares,Australian Shares,Australian Shares,Information Technology - 45,ASX,AUD,Australia,,Australia Large Blend Equity,Australian Equities,ASXStock
0.04945350685566385,JB Hi-Fi Limited,Growth,Australian Shares,Australian Shares,Australian Shares,Consumer Discretionary - 25,ASX,AUD,Australia,,Australia Large Blend Equity,Australian Equities,ASXStock
0.13994115646959135,James Hardie Industries PLC,Growth,Australian Shares,Australian Shares,Australian Shares,Materials - 15,ASX,AUD,Australia,,Australia Large Blend Equity,Australian Equities,ASXStock
0.0069486704148136805,Johns Lyng Group Limited,Growth,Australian Shares,Australian Shares,Australian Shares,Industrials - 20,ASX,AUD,Australia,,Australia Large Blend Equity,Australian Equities,ASXStock
0.005138358939679171,Karoon Energy Ltd,Growth,Australian Shares,Australian Shares,Australian Shares,Energy - 10,ASX,AUD,Australia,,Australia Large Blend Equity,Australian Equities,ASXStock
0.0027390502638150694,Kelsian Group Limited,Growth,Australian Shares,Australian Shares,Australian Shares,Industrials - 20,ASX,AUD,Australia,,Australia Large Blend Equity,Australian Equities,ASXStock
0.00483039182211101,Lifestyle Communities Limited,Growth,Australian Shares,Australian Shares,Australian Shares,Real Estate - 60,ASX,AUD,Australia,,Australia Large Blend Equity,Australian Equities,ASXStock
0.00029091608959444276,Lake Resources N.L.,Growth,Australian Shares,Australian Shares,Australian Shares,Materials - 15,ASX,AUD,Australia,,Australia Large Blend Equity,Australian Equities,ASXStock
0.007303037998414334,Lendlease Group,Growth,Australian Shares,Australian Shares,Australian Shares,Real Estate - 60,ASX,AUD,Australia,,Australia Large Blend Equity,Australian Equities,ASXStock
0.0005276967227532201,Link Administration Holdings Limited,Growth,Australian Shares,Australian Shares,Australian Shares,Industrials - 20,ASX,AUD,Australia,,Australia Large Blend Equity,Australian Equities,ASXStock
0.022665153144430444,Lovisa Holdings Limited,Growth,Australian Shares,Australian Shares,Australian Shares,Consumer Discretionary - 25,ASX,AUD,Australia,,Australia Large Blend Equity,Australian Equities,ASXStock
0.26619659911810123,Liontown Resources Limited,Growth,Australian Shares,Australian Shares,Australian Shares,Materials - 15,ASX,AUD,Australia,,Australia Large Blend Equity,Australian Equities,ASXStock
0.06471374490257269,Lynas Rare Earths Limited,Growth,Australian Shares,Australian Shares,Australian Shares,Materials - 15,ASX,AUD,Australia,,Australia Large Blend Equity,Australian Equities,ASXStock
0.0017799170212835348,Magellan Financial Group Limited,Growth,Australian Shares,Australian Shares,Australian Shares,Financials - 40,ASX,AUD,Australia,,Australia Large Blend Equity,Australian Equities,ASXStock
0.022901565654368426,Mirvac Group,Growth,Australian Shares,Australian Shares,Australian Shares,Real Estate - 60,ASX,AUD,Australia,,Australia Large Blend Equity,Australian Equities,ASXStock
0.08622875189206429,Mineral Resources Limited,Growth,Australian Shares,Australian Shares,Australian Shares,Materials - 15,ASX,AUD,Australia,,Australia Large Blend Equity,Australian Equities,ASXStock
0.002917959314576964,Monadelphous Group Limited,Growth,Australian Shares,Australian Shares,Australian Shares,Industrials - 20,ASX,AUD,Australia,,Australia Large Blend Equity,Australian Equities,ASXStock
0.007227746444343034,Megaport Limited,Growth,Australian Shares,Australian Shares,Australian Shares,Information Technology - 45,ASX,AUD,Australia,,Australia Large Blend Equity,Australian Equities,ASXStock
0.03409106437958641,Medibank Private Limited,Growth,Australian Shares,Australian Shares,Australian Shares,Financials - 40,ASX,AUD,Australia,,Australia Large Blend Equity,Australian Equities,ASXStock
0.3106377671387176,Macquarie Group Limited,Growth,Australian Shares,Australian Shares,Australian Shares,Financials - 40,ASX,AUD,Australia,,Australia Large Blend Equity,Australian Equities,ASXStock
0.013674633346498726,Metcash Limited,Growth,Australian Shares,Australian Shares,Australian Shares,Consumer Staples - 30,ASX,AUD,Australia,,Australia Large Blend Equity,Australian Equities,ASXStock
0.31753851469290595,National Australia Bank Limited,Growth,Australian Shares,Australian Shares,Australian Shares,Financials - 40,ASX,AUD,Australia,,Australia Large Blend Equity,Australian Equities,ASXStock
0.0029231732440553743,Nanosonics Limited,Growth,Australian Shares,Australian Shares,Australian Shares,Health Care - 35,ASX,AUD,Australia,,Australia Large Blend Equity,Australian Equities,ASXStock
0.007393521423879114,Nine Entertainment Co. Holdings Limited,Growth,Australian Shares,Australian Shares,Australian Shares,Communication Services - 50,ASX,AUD,Australia,,Australia Large Blend Equity,Australian Equities,ASXStock
0.055484190386230904,Newmont Corporation,Growth,Australian Shares,Australian Shares,Australian Shares,Materials - 15,ASX,AUD,Australia,,Australia Large Blend Equity,Australian Equities,ASXStock
0.016722068954613322,New Hope Corporation Limited,Growth,Australian Shares,Australian Shares,Australian Shares,Energy - 10,ASX,AUD,Australia,,Australia Large Blend Equity,Australian Equities,ASXStock
0.010279200112100569,NIB Holdings Limited,Growth,Australian Shares,Australian Shares,Australian Shares,Financials - 40,ASX,AUD,Australia,,Australia Large Blend Equity,Australian Equities,ASXStock
0.01530174561128749,Nickel Industries Limited,Growth,Australian Shares,Australian Shares,Australian Shares,Materials - 15,ASX,AUD,Australia,,Australia Large Blend Equity,Australian Equities,ASXStock
0.00959916278375236,National Storage REIT,Growth,Australian Shares,Australian Shares,Australian Shares,Real Estate - 60,ASX,AUD,Australia,,Australia Large Blend Equity,Australian Equities,ASXStock
0.041872285788068044,Northern Star Resources Ltd,Growth,Australian Shares,Australian Shares,Australian Shares,Materials - 15,ASX,AUD,Australia,,Australia Large Blend Equity,Australian Equities,ASXStock
0.0025229263545275813,Nufarm Limited,Growth,Australian Shares,Australian Shares,Australian Shares,Materials - 15,ASX,AUD,Australia,,Australia Large Blend Equity,Australian Equities,ASXStock
0.008330875098151998,NRW Holdings Limited,Growth,Australian Shares,Australian Shares,Australian Shares,Industrials - 20,ASX,AUD,Australia,,Australia Large Blend Equity,Australian Equities,ASXStock
0.008101068767054204,Netwealth Group Limited,Growth,Australian Shares,Australian Shares,Australian Shares,Financials - 40,ASX,AUD,Australia,,Australia Large Blend Equity,Australian Equities,ASXStock
0.0054385163514017185,News Corporation..,Growth,Australian Shares,Australian Shares,Australian Shares,Communication Services - 50,ASX,AUD,Australia,,Australia Large Blend Equity,Australian Equities,ASXStock
0.04416956932862363,Nextdc Limited,Growth,Australian Shares,Australian Shares,Australian Shares,Information Technology - 45,ASX,AUD,Australia,,Australia Large Blend Equity,Australian Equities,ASXStock
0.006529569576512828,Orora Limited,Growth,Australian Shares,Australian Shares,Australian Shares,Materials - 15,ASX,AUD,Australia,,Australia Large Blend Equity,Australian Equities,ASXStock
0.06169972784508364,Origin Energy Limited,Growth,Australian Shares,Australian Shares,Australian Shares,Utilities - 55,ASX,AUD,Australia,,Australia Large Blend Equity,Australian Equities,ASXStock
0.01490612840790193,Orica Limited,Growth,Australian Shares,Australian Shares,Australian Shares,Materials - 15,ASX,AUD,Australia,,Australia Large Blend Equity,Australian Equities,ASXStock
0.028246778703889388,Paladin Energy Ltd,Growth,Australian Shares,Australian Shares,Australian Shares,Energy - 10,ASX,AUD,Australia,,Australia Large Blend Equity,Australian Equities,ASXStock
0.1149132116128234,Pilbara Minerals Limited,Growth,Australian Shares,Australian Shares,Australian Shares,Materials - 15,ASX,AUD,Australia,,Australia Large Blend Equity,Australian Equities,ASXStock
0.11622542369063422,Pro Medicus Limited,Growth,Australian Shares,Australian Shares,Australian Shares,Health Care - 35,ASX,AUD,Australia,,Australia Large Blend Equity,Australian Equities,ASXStock
0.012148528108963816,Premier Investments Limited,Growth,Australian Shares,Australian Shares,Australian Shares,Consumer Discretionary - 25,ASX,AUD,Australia,,Australia Large Blend Equity,Australian Equities,ASXStock
0.014835049487471212,Pinnacle Investment Management Group Limited,Growth,Australian Shares,Australian Shares,Australian Shares,Financials - 40,ASX,AUD,Australia,,Australia Large Blend Equity,Australian Equities,ASXStock
0.008976867515060865,Polynovo Limited,Growth,Australian Shares,Australian Shares,Australian Shares,Health Care - 35,ASX,AUD,Australia,,Australia Large Blend Equity,Australian Equities,ASXStock
0.003952502987025531,Perpetual Limited,Growth,Australian Shares,Australian Shares,Australian Shares,Financials - 40,ASX,AUD,Australia,,Australia Large Blend Equity,Australian Equities,ASXStock
0.02732652488221195,Perseus Mining Limited,Growth,Australian Shares,Australian Shares,Australian Shares,Materials - 15,ASX,AUD,Australia,,Australia Large Blend Equity,Australian Equities,ASXStock
0.0022671735801418824,Pexa Group Limited,Growth,Australian Shares,Australian Shares,Australian Shares,Real Estate - 60,ASX,AUD,Australia,,Australia Large Blend Equity,Australian Equities,ASXStock
0.02543547522899897,Qantas Airways Limited,Growth,Australian Shares,Australian Shares,Australian Shares,Industrials - 20,ASX,AUD,Australia,,Australia Large Blend Equity,Australian Equities,ASXStock
0.08174034184357913,QBE Insurance Group Limited,Growth,Australian Shares,Australian Shares,Australian Shares,Financials - 40,ASX,AUD,Australia,,Australia Large Blend Equity,Australian Equities,ASXStock
0.018527025981331748,Qube Holdings Limited,Growth,Australian Shares,Australian Shares,Australian Shares,Industrials - 20,ASX,AUD,Australia,,Australia Large Blend Equity,Australian Equities,ASXStock
0.04870334407209816,REA Group Ltd,Growth,Australian Shares,Australian Shares,Australian Shares,Communication Services - 50,ASX,AUD,Australia,,Australia Large Blend Equity,Australian Equities,ASXStock
0.024288856914524332,Reece Limited,Growth,Australian Shares,Australian Shares,Australian Shares,Industrials - 20,ASX,AUD,Australia,,Australia Large Blend Equity,Australian Equities,ASXStock
0.005558190342279248,Region Group,Growth,Australian Shares,Australian Shares,Australian Shares,Real Estate - 60,ASX,AUD,Australia,,Australia Large Blend Equity,Australian Equities,ASXStock
0.01340449945941578,Ramsay Health Care Limited,Growth,Australian Shares,Australian Shares,Australian Shares,Health Care - 35,ASX,AUD,Australia,,Australia Large Blend Equity,Australian Equities,ASXStock
0.20790893477077663,Rio Tinto Limited,Growth,Australian Shares,Australian Shares,Australian Shares,Materials - 15,ASX,AUD,Australia,,Australia Large Blend Equity,Australian Equities,ASXStock
0.035163900763290484,ResMed Inc.,Growth,Australian Shares,Australian Shares,Australian Shares,Health Care - 35,ASX,AUD,Australia,,Australia Large Blend Equity,Australian Equities,ASXStock
0.0009918659824581877,Regis Resources Limited,Growth,Australian Shares,Australian Shares,Australian Shares,Materials - 15,ASX,AUD,Australia,,Australia Large Blend Equity,Australian Equities,ASXStock
0.009639038385014797,Reliance Worldwide Corporation Limited,Growth,Australian Shares,Australian Shares,Australian Shares,Industrials - 20,ASX,AUD,Australia,,Australia Large Blend Equity,Australian Equities,ASXStock
0.04299582343623123,South32 Limited,Growth,Australian Shares,Australian Shares,Australian Shares,Materials - 15,ASX,AUD,Australia,,Australia Large Blend Equity,Australian Equities,ASXStock
0.03265440966486513,Scentre Group,Growth,Australian Shares,Australian Shares,Australian Shares,Real Estate - 60,ASX,AUD,Australia,,Australia Large Blend Equity,Australian Equities,ASXStock
0.02451169447396676,Steadfast Group Limited,Growth,Australian Shares,Australian Shares,Australian Shares,Financials - 40,ASX,AUD,Australia,,Australia Large Blend Equity,Australian Equities,ASXStock
0.025541566230335006,Seek Limited,Growth,Australian Shares,Australian Shares,Australian Shares,Communication Services - 50,ASX,AUD,Australia,,Australia Large Blend Equity,Australian Equities,ASXStock
0.011357999128749815,Sandfire Resources Limited,Growth,Australian Shares,Australian Shares,Australian Shares,Materials - 15,ASX,AUD,Australia,,Australia Large Blend Equity,Australian Equities,ASXStock
0.006734352324297339,Sims Limited,Growth,Australian Shares,Australian Shares,Australian Shares,Materials - 15,ASX,AUD,Australia,,Australia Large Blend Equity,Australian Equities,ASXStock
0.04173360127239776,Stockland,Growth,Australian Shares,Australian Shares,Australian Shares,Real Estate - 60,ASX,AUD,Australia,,Australia Large Blend Equity,Australian Equities,ASXStock
0.0001724150904347758,The Star Entertainment Group Limited,Growth,Australian Shares,Australian Shares,Australian Shares,Consumer Discretionary - 25,ASX,AUD,Australia,,Australia Large Blend Equity,Australian Equities,ASXStock
0.04274384480800424,Sonic Healthcare Limited,Growth,Australian Shares,Australian Shares,Australian Shares,Health Care - 35,ASX,AUD,Australia,,Australia Large Blend Equity,Australian Equities,ASXStock
0.004189726042930584,Silver Lake Resources Limited,Growth,Australian Shares,Australian Shares,Australian Shares,Materials - 15,ASX,AUD,Australia,,Australia Large Blend Equity,Australian Equities,ASXStock
0.024612869943943592,Washington H Soul Pattinson & Company Limited,Growth,Australian Shares,Australian Shares,Australian Shares,Financials - 40,ASX,AUD,Australia,,Australia Large Blend Equity,Australian Equities,ASXStock
0.0017368585804095546,Spark New Zealand Limited,Growth,Australian Shares,Australian Shares,Australian Shares,Communication Services - 50,ASX,AUD,Australia,,Australia Large Blend Equity,Australian Equities,ASXStock
0.002536165624314818,Block Inc.,Growth,Australian Shares,Australian Shares,Australian Shares,Financials - 40,ASX,AUD,Australia,,Australia Large Blend Equity,Australian Equities,ASXStock
0.08887427743740055,Santos Limited,Growth,Australian Shares,Australian Shares,Australian Shares,Energy - 10,ASX,AUD,Australia,,Australia Large Blend Equity,Australian Equities,ASXStock
0.016553438013440003,Super Retail Group Limited,Growth,Australian Shares,Australian Shares,Australian Shares,Consumer Discretionary - 25,ASX,AUD,Australia,,Australia Large Blend Equity,Australian Equities,ASXStock
0.06003469586488246,Suncorp Group Limited,Growth,Australian Shares,Australian Shares,Australian Shares,Financials - 40,ASX,AUD,Australia,,Australia Large Blend Equity,Australian Equities,ASXStock
0.031026342320252812,Seven Group Holdings Limited,Growth,Australian Shares,Australian Shares,Australian Shares,Industrials - 20,ASX,AUD,Australia,,Australia Large Blend Equity,Australian Equities,ASXStock
0.003070026643957911,Sayona Mining Limited,Growth,Australian Shares,Australian Shares,Australian Shares,Materials - 15,ASX,AUD,Australia,,Australia Large Blend Equity,Australian Equities,ASXStock
0.00016535131668111012,Syrah Resources Limited,Growth,Australian Shares,Australian Shares,Australian Shares,Materials - 15,ASX,AUD,Australia,,Australia Large Blend Equity,Australian Equities,ASXStock
0.0006498008151875868,TABCORP Holdings Limited,Growth,Australian Shares,Australian Shares,Australian Shares,Consumer Discretionary - 25,ASX,AUD,Australia,,Australia Large Blend Equity,Australian Equities,ASXStock
0.10659068172765825,Transurban Group,Growth,Australian Shares,Australian Shares,Australian Shares,Industrials - 20,ASX,AUD,Australia,,Australia Large Blend Equity,Australian Equities,ASXStock
0.023514670080698304,The Lottery Corporation Limited,Growth,Australian Shares,Australian Shares,Australian Shares,Consumer Discretionary - 25,ASX,AUD,Australia,,Australia Large Blend Equity,Australian Equities,ASXStock
0.16227100448777187,Telstra Group Limited,Growth,Australian Shares,Australian Shares,Australian Shares,Communication Services - 50,ASX,AUD,Australia,,Australia Large Blend Equity,Australian Equities,ASXStock
0.16252514250081818,Telix Pharmaceuticals Limited,Growth,Australian Shares,Australian Shares,Australian Shares,Health Care - 35,ASX,AUD,Australia,,Australia Large Blend Equity,Australian Equities,ASXStock
0.03808147459147637,Technology One Limited,Growth,Australian Shares,Australian Shares,Australian Shares,Information Technology - 45,ASX,AUD,Australia,,Australia Large Blend Equity,Australian Equities,ASXStock
0.002864353849594666,TPG Telecom Limited,Growth,Australian Shares,Australian Shares,Australian Shares,Communication Services - 50,ASX,AUD,Australia,,Australia Large Blend Equity,Australian Equities,ASXStock
0.016170162947795812,Treasury Wine Estates Limited,Growth,Australian Shares,Australian Shares,Australian Shares,Consumer Staples - 30,ASX,AUD,Australia,,Australia Large Blend Equity,Australian Equities,ASXStock
0.015444688588582637,Vicinity Centres,Growth,Australian Shares,Australian Shares,Australian Shares,Real Estate - 60,ASX,AUD,Australia,,Australia Large Blend Equity,Australian Equities,ASXStock
0.008636378045884067,Viva Energy Group Limited,Growth,Australian Shares,Australian Shares,Australian Shares,Energy - 10,ASX,AUD,Australia,,Australia Large Blend Equity,Australian Equities,ASXStock
0.006754384222010216,Ventia Services Group Limited,Growth,Australian Shares,Australian Shares,Australian Shares,Industrials - 20,ASX,AUD,Australia,,Australia Large Blend Equity,Australian Equities,ASXStock
0.010259438406657021,Virgin Money Uk PLC,Growth,Australian Shares,Australian Shares,Australian Shares,Financials - 40,ASX,AUD,Australia,,Australia Large Blend Equity,Australian Equities,ASXStock
0.00991160173800897,West African Resources Limited,Growth,Australian Shares,Australian Shares,Australian Shares,Materials - 15,ASX,AUD,Australia,,Australia Large Blend Equity,Australian Equities,ASXStock
0.21454943651089256,Westpac Banking Corporation,Growth,Australian Shares,Australian Shares,Australian Shares,Financials - 40,ASX,AUD,Australia,,Australia Large Blend Equity,Australian Equities,ASXStock
0.17636365444882368,Woodside Energy Group Ltd,Growth,Australian Shares,Australian Shares,Australian Shares,Energy - 10,ASX,AUD,Australia,,Australia Large Blend Equity,Australian Equities,ASXStock
0.005209028173656988,Webjet Limited,Growth,Australian Shares,Australian Shares,Australian Shares,Consumer Discretionary - 25,ASX,AUD,Australia,,Australia Large Blend Equity,Australian Equities,ASXStock
0.30131662002044735,Wesfarmers Limited,Growth,Australian Shares,Australian Shares,Australian Shares,Consumer Discretionary - 25,ASX,AUD,Australia,,Australia Large Blend Equity,Australian Equities,ASXStock
0.028195085570858723,Whitehaven Coal Limited,Growth,Australian Shares,Australian Shares,Australian Shares,Energy - 10,ASX,AUD,Australia,,Australia Large Blend Equity,Australian Equities,ASXStock
0.02254632140285126,Worley Limited,Growth,Australian Shares,Australian Shares,Australian Shares,Industrials - 20,ASX,AUD,Australia,,Australia Large Blend Equity,Australian Equities,ASXStock
0.13221935310706318,Woolworths Group Limited,Growth,Australian Shares,Australian Shares,Australian Shares,Consumer Staples - 30,ASX,AUD,Australia,,Australia Large Blend Equity,Australian Equities,ASXStock
0.005018722729321051,Waypoint REIT,Growth,Australian Shares,Australian Shares,Australian Shares,Real Estate - 60,ASX,AUD,Australia,,Australia Large Blend Equity,Australian Equities,ASXStock
0.22062457184082582,WiseTech Global Limited,Growth,Australian Shares,Australian Shares,Australian Shares,Information Technology - 45,ASX,AUD,Australia,,Australia Large Blend Equity,Australian Equities,ASXStock
0.11278974417620312,Xero Limited,Growth,Australian Shares,Australian Shares,Australian Shares,Information Technology - 45,ASX,AUD,Australia,,Australia Large Blend Equity,Australian Equities,ASXStock
